web_scraper_order,web_scraper_start_url,pagination,data,context,buyer,title,rating,image,url
"1781165749-1","https://www.etsy.com/shop/GONdesignJEWELRY/reviews?ref=pagination&page=157","","Courtney on Feb 4, 2025","Love this shirt - living in it as I sit in my Onyx Storm hangover. It's not as oversized as I thought. Ordered a medium, should have done a large for a more oversized feel.","Courtney","Fourth Wing Series Comfort Colors Shirt For Fan, Brave The Dark Onyx T Shirt, Dragon Lover Tee, Gift For Book Lover","5 out of 5 stars","https://i.etsystatic.com/6410158352/r/il/5a8a23/6410158352/il_340x270.6410158352_41s5.jpg","https://www.etsy.com/listing/1821952905/fourth-wing-series-comfort-colors-shirt?ref=shop_review"
"1781165749-2","https://www.etsy.com/shop/GONdesignJEWELRY/reviews?ref=pagination&page=157","","kayla on Feb 4, 2025","Item is exactly as described and pictured and even arrived earlier than expected! 10/10 love it!!","kayla","Fourth Wing Dragon Comfort Colors Shirt,  Tairn & Andarna TShirt, Basgiath War College Tee, Dragon Rider Shirt, Bookish Gift for Readers","5 out of 5 stars","https://i.etsystatic.com/6617905583/r/il/110f98/6617905583/il_340x270.6617905583_1pgb.jpg","https://www.etsy.com/listing/1834444012/fourth-wing-dragon-comfort-colors-shirt?ref=shop_review"
"1781165749-3","https://www.etsy.com/shop/GONdesignJEWELRY/reviews?ref=pagination&page=157","","Mackenna on Feb 3, 2025","OBSESSED!! I love this I need to buy every color.","Mackenna","Fourth Wing Dragon Comfort Colors Shirt,  Tairn & Andarna TShirt, Basgiath War College Tee, Dragon Rider Shirt, Bookish Gift for Readers","5 out of 5 stars","https://i.etsystatic.com/6617905583/r/il/110f98/6617905583/il_340x270.6617905583_1pgb.jpg","https://www.etsy.com/listing/1834444012/fourth-wing-dragon-comfort-colors-shirt?ref=shop_review"
"1781165749-4","https://www.etsy.com/shop/GONdesignJEWELRY/reviews?ref=pagination&page=157","","Etsy buyer on Feb 3, 2025","Quality was fantastic! Would definitely order from here again.","","Fourth Wing Dragon Comfort Colors Shirt,  Tairn & Andarna TShirt, Basgiath War College Tee, Dragon Rider Shirt, Bookish Gift for Readers","5 out of 5 stars","https://i.etsystatic.com/6617905583/r/il/110f98/6617905583/il_340x270.6617905583_1pgb.jpg","https://www.etsy.com/listing/1834444012/fourth-wing-dragon-comfort-colors-shirt?ref=shop_review"
"1781165749-5","https://www.etsy.com/shop/GONdesignJEWELRY/reviews?ref=pagination&page=157","","Amanda on Feb 3, 2025","A perfect tribute to CC!","Amanda","Jelly Jubilee Crescent City Coffee Mug, Bryce Quinlan Mug Merch, Crescent City SJM 11oz 15oz Ceramic Mug, Jelly Jubilee Fan Club","5 out of 5 stars","https://i.etsystatic.com/6347624350/r/il/b6b725/6347624350/il_340x270.6347624350_ogiy.jpg","https://www.etsy.com/listing/1809626627/jelly-jubilee-crescent-city-coffee-mug?ref=shop_review"
"1781165749-6","https://www.etsy.com/shop/GONdesignJEWELRY/reviews?ref=pagination&page=157","","Cindy on Feb 3, 2025","Look the shirt. I ordered this for a gift. Love the design. I haven’t seen this on any women’s clothing.","Cindy","Fourth Wing Dragon Comfort Colors Shirt,  Tairn & Andarna TShirt, Basgiath War College Tee, Dragon Rider Shirt, Bookish Gift for Readers","5 out of 5 stars","https://i.etsystatic.com/6617905583/r/il/110f98/6617905583/il_340x270.6617905583_1pgb.jpg","https://www.etsy.com/listing/1834444012/fourth-wing-dragon-comfort-colors-shirt?ref=shop_review"
"1781165749-7","https://www.etsy.com/shop/GONdesignJEWELRY/reviews?ref=pagination&page=157","","Julie on Feb 3, 2025","Beautiful shirt it is a great gifts","Julie","Fourth Wing Dragon Comfort Colors Shirt,  Tairn & Andarna TShirt, Basgiath War College Tee, Dragon Rider Shirt, Bookish Gift for Readers","5 out of 5 stars","https://i.etsystatic.com/6617905583/r/il/110f98/6617905583/il_340x270.6617905583_1pgb.jpg","https://www.etsy.com/listing/1834444012/fourth-wing-dragon-comfort-colors-shirt?ref=shop_review"
"1781165749-8","https://www.etsy.com/shop/GONdesignJEWELRY/reviews?ref=pagination&page=157","","Kaycee on Feb 3, 2025","I love the way the shirt came out!","Kaycee","Fourth Wing Dragon Comfort Colors Shirt,  Tairn & Andarna TShirt, Basgiath War College Tee, Dragon Rider Shirt, Bookish Gift for Readers","5 out of 5 stars","https://i.etsystatic.com/6617905583/r/il/110f98/6617905583/il_340x270.6617905583_1pgb.jpg","https://www.etsy.com/listing/1834444012/fourth-wing-dragon-comfort-colors-shirt?ref=shop_review"
"1781165749-9","https://www.etsy.com/shop/GONdesignJEWELRY/reviews?ref=pagination&page=157","","Kaycee on Feb 3, 2025","I love the way the shirt came out!","Kaycee","Fourth Wing Dragon Comfort Colors Shirt,  Tairn & Andarna TShirt, Basgiath War College Tee, Dragon Rider Shirt, Bookish Gift for Readers","5 out of 5 stars","https://i.etsystatic.com/6617905583/r/il/110f98/6617905583/il_340x270.6617905583_1pgb.jpg","https://www.etsy.com/listing/1834444012/fourth-wing-dragon-comfort-colors-shirt?ref=shop_review"
"1781165749-10","https://www.etsy.com/shop/GONdesignJEWELRY/reviews?ref=pagination&page=157","","Selena on Feb 3, 2025","Beautiful. Shirt feels great. Nice quality. Love it.","Selena","Velaris The Night Court Acotar 2 Sided Comfort Colors Shirt, Velaris The Night Court Shirt, Court Of Dreams, Inner Circle Acotar Tee","5 out of 5 stars","https://i.etsystatic.com/6191051472/r/il/55c9c1/6191051472/il_340x270.6191051472_9fhf.jpg","https://www.etsy.com/listing/1762772738/velaris-the-night-court-acotar-2-sided?ref=shop_review"
"1781165749-11","https://www.etsy.com/shop/GONdesignJEWELRY/reviews?ref=pagination&page=157","","Lilly on Feb 3, 2025","I love it so so much! Exactly as pictured, I love the dragon drawings and the shirt is so comfy.","Lilly","Fourth Wing Dragon Comfort Colors Shirt,  Tairn & Andarna TShirt, Basgiath War College Tee, Dragon Rider Shirt, Bookish Gift for Readers","5 out of 5 stars","https://i.etsystatic.com/6617905583/r/il/110f98/6617905583/il_340x270.6617905583_1pgb.jpg","https://www.etsy.com/listing/1834444012/fourth-wing-dragon-comfort-colors-shirt?ref=shop_review"
"1781165749-12","https://www.etsy.com/shop/GONdesignJEWELRY/reviews?ref=pagination&page=157","","Kristian on Feb 3, 2025","Love the material and the print on the shirt is so nice and washes well!","Kristian","Fourth Wing Dragon Comfort Colors Shirt,  Tairn & Andarna TShirt, Basgiath War College Tee, Dragon Rider Shirt, Bookish Gift for Readers","5 out of 5 stars","https://i.etsystatic.com/6617905583/r/il/110f98/6617905583/il_340x270.6617905583_1pgb.jpg","https://www.etsy.com/listing/1834444012/fourth-wing-dragon-comfort-colors-shirt?ref=shop_review"
"1781165749-13","https://www.etsy.com/shop/GONdesignJEWELRY/reviews?ref=pagination&page=157","","Morgan on Feb 3, 2025","great item a little small compared to my normal comfort colors","Morgan","Wicked Change For Good Comfort Colors Shirt, Defy Gravity Broomstick Magic Wand, Wizard Movie Fan Shirt, Wicked Musical Fan Gift","5 out of 5 stars","https://i.etsystatic.com/6461001845/r/il/9ae655/6461001845/il_340x270.6461001845_55ss.jpg","https://www.etsy.com/listing/1822510059/wicked-change-for-good-comfort-colors?ref=shop_review"
"1781165749-14","https://www.etsy.com/shop/GONdesignJEWELRY/reviews?ref=pagination&page=157","","Etsy buyer on Feb 3, 2025","The quality of the item is great! It matches its description and met my expectations.","Etsy buyer","Wicked Change For Good Comfort Colors Shirt, Defy Gravity Broomstick Magic Wand, Wizard Movie Fan Shirt, Wicked Musical Fan Gift","5 out of 5 stars","https://i.etsystatic.com/6559794973/r/il/24d016/6559794973/il_340x270.6559794973_pw2i.jpg","https://www.etsy.com/listing/1822510059/wicked-change-for-good-comfort-colors?ref=shop_review"
"1781165757-15","https://www.etsy.com/shop/GONdesignJEWELRY/reviews?ref=pagination&page=157","https://www.etsy.com/shop/GONdesignJEWELRY/reviews?ref=pagination&page=158","MacKenzie on Feb 3, 2025","Exactly what I ordered. Shipped super fast!","MacKenzie","Fourth Wing Dragon Comfort Colors Shirt,  Tairn & Andarna TShirt, Basgiath War College Tee, Dragon Rider Shirt, Bookish Gift for Readers","5 out of 5 stars","https://i.etsystatic.com/6571995215/r/il/6cb952/6571995215/il_340x270.6571995215_gls1.jpg","https://www.etsy.com/listing/1834444012/fourth-wing-dragon-comfort-colors-shirt?ref=shop_review"
"1781165757-16","https://www.etsy.com/shop/GONdesignJEWELRY/reviews?ref=pagination&page=157","https://www.etsy.com/shop/GONdesignJEWELRY/reviews?ref=pagination&page=158","Maesyn on Feb 2, 2025","Super cute design. Was exactly as pictured. Quick shipping as well.","Maesyn","Fourth Wing Series Comfort Colors Shirt For Fans, War College T-Shirt, Dragon Rider Tee, Book Merch Gift","5 out of 5 stars","https://i.etsystatic.com/6347628124/r/il/f6ad5d/6347628124/il_340x270.6347628124_n2dw.jpg","https://www.etsy.com/listing/1809627695/fourth-wing-series-comfort-colors-shirt?ref=shop_review"
"1781165757-17","https://www.etsy.com/shop/GONdesignJEWELRY/reviews?ref=pagination&page=157","https://www.etsy.com/shop/GONdesignJEWELRY/reviews?ref=pagination&page=158","Kourtney on Feb 2, 2025","This shirt is even better than I was expecting! I would definitely buy again.","Kourtney","Fourth Wing Dragon Comfort Colors Shirt,  Tairn & Andarna TShirt, Basgiath War College Tee, Dragon Rider Shirt, Bookish Gift for Readers","5 out of 5 stars","https://i.etsystatic.com/6617905583/r/il/110f98/6617905583/il_340x270.6617905583_1pgb.jpg","https://www.etsy.com/listing/1834444012/fourth-wing-dragon-comfort-colors-shirt?ref=shop_review"
"1781165757-18","https://www.etsy.com/shop/GONdesignJEWELRY/reviews?ref=pagination&page=157","https://www.etsy.com/shop/GONdesignJEWELRY/reviews?ref=pagination&page=158","Isabella on Feb 2, 2025","","Isabella","Fourth Wing Dragon Comfort Colors Shirt,  Tairn & Andarna TShirt, Basgiath War College Tee, Dragon Rider Shirt, Bookish Gift for Readers","5 out of 5 stars","https://i.etsystatic.com/6617905583/r/il/110f98/6617905583/il_340x270.6617905583_1pgb.jpg",""
"1781165757-19","https://www.etsy.com/shop/GONdesignJEWELRY/reviews?ref=pagination&page=157","https://www.etsy.com/shop/GONdesignJEWELRY/reviews?ref=pagination&page=158","Etsy buyer on Feb 2, 2025","The quality is great and I smile every time I wear it 😁","Etsy buyer","Funny Astarion Game Fan Comfort Colors Shirt, Astarion BG3 Shirts, Astarion’s Juice Box BG3 T Shirt, High Elf Gaming Apparel, Dark Humor Tee","5 out of 5 stars","https://i.etsystatic.com/6110728156/r/il/26ccf0/6110728156/il_340x270.6110728156_djcg.jpg","https://www.etsy.com/listing/1744418634/funny-astarion-game-fan-comfort-colors?ref=shop_review"
"1781165757-20","https://www.etsy.com/shop/GONdesignJEWELRY/reviews?ref=pagination&page=157","https://www.etsy.com/shop/GONdesignJEWELRY/reviews?ref=pagination&page=158","Eliza on Feb 2, 2025","I absolutely love the shirt! Super comfortable and I love the design!","Eliza","Jelly Jubilee Crescent City Comfort Colors Shirt, Bryce Quinlan Merch, Crescent City SJM Shirt, Jelly Jubilee Fan Club, 2 Sided Shirt","5 out of 5 stars","https://i.etsystatic.com/6150645837/r/il/70f998/6150645837/il_340x270.6150645837_byus.jpg",""
"1781165757-21","https://www.etsy.com/shop/GONdesignJEWELRY/reviews?ref=pagination&page=157","https://www.etsy.com/shop/GONdesignJEWELRY/reviews?ref=pagination&page=158","Celena on Feb 2, 2025","Shirt was as pictured, the shirt was good quality as well.","Celena","Fourth Wing Dragon Comfort Colors Shirt,  Tairn & Andarna TShirt, Basgiath War College Tee, Dragon Rider Shirt, Bookish Gift for Readers","5 out of 5 stars","https://i.etsystatic.com/6617905583/r/il/110f98/6617905583/il_340x270.6617905583_1pgb.jpg","https://www.etsy.com/listing/1834444012/fourth-wing-dragon-comfort-colors-shirt?ref=shop_review"
"1781165757-22","https://www.etsy.com/shop/GONdesignJEWELRY/reviews?ref=pagination&page=157","https://www.etsy.com/shop/GONdesignJEWELRY/reviews?ref=pagination&page=158","Grace on Feb 2, 2025","Bought as a gift for my friend and she absolutely loves it","Grace","Xaden Riorson Comfort Color Shirt, Iron Flame Fan Shirt,  Fourth Wing Inspired, Dragon Rider Bookish, Basgiath War College, Bookish Gift","5 out of 5 stars","https://i.etsystatic.com/6432361379/r/il/afd075/6432361379/il_340x270.6432361379_9vlz.jpg","https://www.etsy.com/listing/1802565604/xaden-riorson-comfort-color-shirt-iron?ref=shop_review"
"1781165757-23","https://www.etsy.com/shop/GONdesignJEWELRY/reviews?ref=pagination&page=157","https://www.etsy.com/shop/GONdesignJEWELRY/reviews?ref=pagination&page=158","Carolyn on Feb 2, 2025","My friend loves it! Said it is great quality and comfortable!","Carolyn","Fourth Wing Series Comfort Colors Shirt For Fans, War College T-Shirt, Dragon Rider Tee, Book Merch Gift","5 out of 5 stars","https://i.etsystatic.com/6347628124/r/il/f6ad5d/6347628124/il_340x270.6347628124_n2dw.jpg","https://www.etsy.com/listing/1809627695/fourth-wing-series-comfort-colors-shirt?ref=shop_review"
"1781165757-24","https://www.etsy.com/shop/GONdesignJEWELRY/reviews?ref=pagination&page=157","https://www.etsy.com/shop/GONdesignJEWELRY/reviews?ref=pagination&page=158","Abby on Feb 2, 2025","Fast shipping and the shirt is absolutely adorable!! I love it so much!!","Abby","Fourth Wing Dragon Comfort Colors Shirt,  Tairn & Andarna TShirt, Basgiath War College Tee, Dragon Rider Shirt, Bookish Gift for Readers","5 out of 5 stars","https://i.etsystatic.com/6571995215/r/il/6cb952/6571995215/il_340x270.6571995215_gls1.jpg","https://www.etsy.com/listing/1834444012/fourth-wing-dragon-comfort-colors-shirt?ref=shop_review"
"1781165757-25","https://www.etsy.com/shop/GONdesignJEWELRY/reviews?ref=pagination&page=157","https://www.etsy.com/shop/GONdesignJEWELRY/reviews?ref=pagination&page=158","Ana on Feb 2, 2025","It’s perfect. It was a gift for my sister in law and she laughed out loud and loved it.","Ana","Funny Astarion Game Fan Comfort Colors Shirt, Astarion BG3 Shirts, Astarion’s Juice Box BG3 T Shirt, High Elf Gaming Apparel, Dark Humor Tee","5 out of 5 stars","https://i.etsystatic.com/6110728156/r/il/26ccf0/6110728156/il_340x270.6110728156_djcg.jpg","https://www.etsy.com/listing/1744418634/funny-astarion-game-fan-comfort-colors?ref=shop_review"
"1781165757-26","https://www.etsy.com/shop/GONdesignJEWELRY/reviews?ref=pagination&page=157","https://www.etsy.com/shop/GONdesignJEWELRY/reviews?ref=pagination&page=158","Mel on Feb 2, 2025","I love the look of the print and the shirt fits perfectly!","Mel","Fourth Wing Series Comfort Colors Shirt For Fans, War College T-Shirt, Dragon Rider Tee, Book Merch Gift","5 out of 5 stars","https://i.etsystatic.com/6347628124/r/il/f6ad5d/6347628124/il_340x270.6347628124_n2dw.jpg","https://www.etsy.com/listing/1809627695/fourth-wing-series-comfort-colors-shirt?ref=shop_review"
"1781165757-27","https://www.etsy.com/shop/GONdesignJEWELRY/reviews?ref=pagination&page=157","https://www.etsy.com/shop/GONdesignJEWELRY/reviews?ref=pagination&page=158","Caitlin on Feb 2, 2025","This shirt is great for those of us who enjoy a witty shirt and feel a need to express frustrations!","Caitlin","Aqua Tofana Apothecary Comfort Colors Shirt, Destroy The Patriarchy Tee, Feminism Shirt, Women’s Rights Shirt, Aqua Tofana Poison TShirt","5 out of 5 stars","https://i.etsystatic.com/6495838089/r/il/7d8153/6495838089/il_340x270.6495838089_1obu.jpg","https://www.etsy.com/listing/1815542380/aqua-tofana-apothecary-comfort-colors?ref=shop_review"
"1781165757-28","https://www.etsy.com/shop/GONdesignJEWELRY/reviews?ref=pagination&page=157","https://www.etsy.com/shop/GONdesignJEWELRY/reviews?ref=pagination&page=158","Caitlin on Feb 2, 2025","This shirt has me cackling at its wit!","Caitlin","Aqua Tofana Apothecary Comfort Colors Shirt, Destroy The Patriarchy Tee, Feminism Shirt, Women’s Rights Shirt, Aqua Tofana Poison TShirt","5 out of 5 stars","https://i.etsystatic.com/6495838089/r/il/7d8153/6495838089/il_340x270.6495838089_1obu.jpg","https://www.etsy.com/listing/1815542380/aqua-tofana-apothecary-comfort-colors?ref=shop_review"
"1781165765-29","https://www.etsy.com/shop/GONdesignJEWELRY/reviews?ref=pagination&page=157","https://www.etsy.com/shop/GONdesignJEWELRY/reviews?ref=pagination&page=159","Meghan on Feb 1, 2025","A perfect addition to any book nerd’s closet. So comfy and well-designed. I’m obsessed!","Meghan","Fourth Wing Dragon Comfort Colors Shirt,  Tairn & Andarna TShirt, Basgiath War College Tee, Dragon Rider Shirt, Bookish Gift for Readers","5 out of 5 stars","https://i.etsystatic.com/6617905583/r/il/110f98/6617905583/il_340x270.6617905583_1pgb.jpg","https://www.etsy.com/listing/1834444012/fourth-wing-dragon-comfort-colors-shirt?ref=shop_review"
"1781165765-30","https://www.etsy.com/shop/GONdesignJEWELRY/reviews?ref=pagination&page=157","https://www.etsy.com/shop/GONdesignJEWELRY/reviews?ref=pagination&page=159","Megan on Feb 1, 2025","Very beautiful design and came out better than I expected","Megan","LOTR Narsil Broken Blade Comfort Colors Shirt, Tree Of Gondor Sign Shirt, Fan Merch, Lotr Fan Gift, Gifts for Book Lovers","5 out of 5 stars","https://i.etsystatic.com/6534464156/r/il/65a254/6534464156/il_340x270.6534464156_3vbb.jpg","https://www.etsy.com/listing/1837262958/lotr-narsil-broken-blade-comfort-colors?ref=shop_review"
"1781165765-31","https://www.etsy.com/shop/GONdesignJEWELRY/reviews?ref=pagination&page=157","https://www.etsy.com/shop/GONdesignJEWELRY/reviews?ref=pagination&page=159","Jessica on Feb 1, 2025","Arrived super quickly and exactly as pictured. The shirt was a big hit at my book club!","Jessica","Fourth Wing Series Comfort Colors Shirt For Fans, War College T-Shirt, Dragon Rider Tee, Book Merch Gift","5 out of 5 stars","https://i.etsystatic.com/6347628124/r/il/f6ad5d/6347628124/il_340x270.6347628124_n2dw.jpg","https://www.etsy.com/listing/1809627695/fourth-wing-series-comfort-colors-shirt?ref=shop_review"
"1781165765-32","https://www.etsy.com/shop/GONdesignJEWELRY/reviews?ref=pagination&page=157","https://www.etsy.com/shop/GONdesignJEWELRY/reviews?ref=pagination&page=159","Alex on Feb 1, 2025","Shipped fast and the quality is so nice! My friend loved her gift","Alex","Fourth Wing Dragon Comfort Colors Shirt,  Tairn & Andarna TShirt, Basgiath War College Tee, Dragon Rider Shirt, Bookish Gift for Readers","5 out of 5 stars","https://i.etsystatic.com/6617905583/r/il/110f98/6617905583/il_340x270.6617905583_1pgb.jpg","https://www.etsy.com/listing/1834444012/fourth-wing-dragon-comfort-colors-shirt?ref=shop_review"
"1781165765-33","https://www.etsy.com/shop/GONdesignJEWELRY/reviews?ref=pagination&page=157","https://www.etsy.com/shop/GONdesignJEWELRY/reviews?ref=pagination&page=159","Madison on Feb 1, 2025","YAY YAY YAY YAY YAY","Madison","Fourth Wing Basgiath War College Comfort Colors Shirt, Xaden Riorson Riders Quadrant Tee, Dragon Rider, Violet Sorrengail, Bookish Shirt","5 out of 5 stars","https://i.etsystatic.com/6547471002/r/il/82c80a/6547471002/il_340x270.6547471002_qnqe.jpg","https://www.etsy.com/listing/1840194412/fourth-wing-basgiath-war-college-comfort?ref=shop_review"
"1781165765-34","https://www.etsy.com/shop/GONdesignJEWELRY/reviews?ref=pagination&page=157","https://www.etsy.com/shop/GONdesignJEWELRY/reviews?ref=pagination&page=159","Etsy buyer on Feb 1, 2025","The shirt is so cute and great quality! I definitely will be purchasing more in the future!","Etsy buyer","Fourth Wing Dragon Comfort Colors Shirt,  Tairn & Andarna TShirt, Basgiath War College Tee, Dragon Rider Shirt, Bookish Gift for Readers","5 out of 5 stars","https://i.etsystatic.com/6617905583/r/il/110f98/6617905583/il_340x270.6617905583_1pgb.jpg","https://www.etsy.com/listing/1834444012/fourth-wing-dragon-comfort-colors-shirt?ref=shop_review"
"1781165765-35","https://www.etsy.com/shop/GONdesignJEWELRY/reviews?ref=pagination&page=157","https://www.etsy.com/shop/GONdesignJEWELRY/reviews?ref=pagination&page=159","Tonia on Feb 1, 2025","Love this shirt! The L was little small for me but it’s a great gift for a friend. I ordered another one for me a size larger.","Tonia","The Shire LOTR Comfort Colors Shirt For Fans, Fantasy Book Lover T Shirt, Funny Second Breakfast Tee, Gift For Book Lover","5 out of 5 stars","https://i.etsystatic.com/6569082793/r/il/7667c1/6569082793/il_340x270.6569082793_6jq3.jpg","https://www.etsy.com/listing/1833612946/the-shire-lotr-comfort-colors-shirt-for?ref=shop_review"
"1781165765-36","https://www.etsy.com/shop/GONdesignJEWELRY/reviews?ref=pagination&page=157","https://www.etsy.com/shop/GONdesignJEWELRY/reviews?ref=pagination&page=159","Kaleigh on Feb 1, 2025","It’s perfect!! Exactly as described on such good quality. Came quick (:","Kaleigh","Basgiath War College 2 Sided Comfort Colors Shirt, Vintage Dragon Rider TShirt,  Fourth Wing Riders Quadrant,Trendy Book Merch,Bookish Gifts","5 out of 5 stars","https://i.etsystatic.com/6572047861/r/il/c15703/6572047861/il_340x270.6572047861_4vw6.jpg",""
"1781165765-37","https://www.etsy.com/shop/GONdesignJEWELRY/reviews?ref=pagination&page=157","https://www.etsy.com/shop/GONdesignJEWELRY/reviews?ref=pagination&page=159","Dayna on Feb 1, 2025","This was a gift for a friend that’s a huge fan of the books. She loved it. It is a beautiful design, met expectations in all aspects.","Dayna","Fourth Wing Dragon Comfort Colors Shirt,  Tairn & Andarna TShirt, Basgiath War College Tee, Dragon Rider Shirt, Bookish Gift for Readers","5 out of 5 stars","https://i.etsystatic.com/6617905583/r/il/110f98/6617905583/il_340x270.6617905583_1pgb.jpg","https://www.etsy.com/listing/1834444012/fourth-wing-dragon-comfort-colors-shirt?ref=shop_review"
"1781165765-38","https://www.etsy.com/shop/GONdesignJEWELRY/reviews?ref=pagination&page=157","https://www.etsy.com/shop/GONdesignJEWELRY/reviews?ref=pagination&page=159","Caitlyn on Feb 1, 2025","Love love love it! Would highly recommend.","Caitlyn","Fourth Wing Series Two Sided Comfort Colors Shirt For Fans, War College T-Shirt, Dragon Rider Bookish Shirt, Book Merch Gift","5 out of 5 stars","https://i.etsystatic.com/6490092703/r/il/e92e8a/6490092703/il_340x270.6490092703_6seh.jpg","https://www.etsy.com/listing/1814326778/fourth-wing-series-two-sided-comfort?ref=shop_review"
"1781165765-39","https://www.etsy.com/shop/GONdesignJEWELRY/reviews?ref=pagination&page=157","https://www.etsy.com/shop/GONdesignJEWELRY/reviews?ref=pagination&page=159","Danielle on Feb 1, 2025","Looked as described in picture","Danielle","Fourth Wing Dragon Comfort Colors Shirt,  Tairn & Andarna TShirt, Basgiath War College Tee, Dragon Rider Shirt, Bookish Gift for Readers","5 out of 5 stars","https://i.etsystatic.com/6617905583/r/il/110f98/6617905583/il_340x270.6617905583_1pgb.jpg","https://www.etsy.com/listing/1834444012/fourth-wing-dragon-comfort-colors-shirt?ref=shop_review"
"1781165765-40","https://www.etsy.com/shop/GONdesignJEWELRY/reviews?ref=pagination&page=157","https://www.etsy.com/shop/GONdesignJEWELRY/reviews?ref=pagination&page=159","William on Feb 1, 2025","I ordered this shirt for my wife, she loved it!","William","Velaris The Night Court Acotar 2 Sided Comfort Colors Shirt, Velaris The Night Court Shirt, Court Of Dreams, Inner Circle Acotar Tee","5 out of 5 stars","https://i.etsystatic.com/6191051472/r/il/55c9c1/6191051472/il_340x270.6191051472_9fhf.jpg","https://www.etsy.com/listing/1762772738/velaris-the-night-court-acotar-2-sided?ref=shop_review"
"1781165765-41","https://www.etsy.com/shop/GONdesignJEWELRY/reviews?ref=pagination&page=157","https://www.etsy.com/shop/GONdesignJEWELRY/reviews?ref=pagination&page=159","Jamie on Feb 1, 2025","My daughter loves it. She has worn it multiple times since getting it two weeks ago.","Jamie","Wicked Defying Gravity Sweatshirt, Pink And Green Changed For Good Crewneck ,Wicked The Musical, Broomstick Magic Wand Movie Fan Shirt","5 out of 5 stars","https://i.etsystatic.com/6474118835/r/il/f025e1/6474118835/il_340x270.6474118835_8glf.jpg","https://www.etsy.com/listing/1810959218/wicked-defying-gravity-sweatshirt-pink?ref=shop_review"
"1781165765-42","https://www.etsy.com/shop/GONdesignJEWELRY/reviews?ref=pagination&page=157","https://www.etsy.com/shop/GONdesignJEWELRY/reviews?ref=pagination&page=159","Ellie on Feb 1, 2025","Item that came in was exactly as it looked","Ellie","Fourth Wing Dragon Comfort Colors Shirt,  Tairn & Andarna TShirt, Basgiath War College Tee, Dragon Rider Shirt, Bookish Gift for Readers","5 out of 5 stars","https://i.etsystatic.com/6617905583/r/il/110f98/6617905583/il_340x270.6617905583_1pgb.jpg","https://www.etsy.com/listing/1834444012/fourth-wing-dragon-comfort-colors-shirt?ref=shop_review"
"1781165773-43","https://www.etsy.com/shop/GONdesignJEWELRY/reviews?ref=pagination&page=157","https://www.etsy.com/shop/GONdesignJEWELRY/reviews?ref=pagination&page=160","Erin on Jan 31, 2025","Yes this was good ty","Erin","Wicked Change For Good Comfort Colors Shirt, Defy Gravity Broomstick Magic Wand, Wizard Movie Fan Shirt, Wicked Musical Fan Gift","5 out of 5 stars","https://i.etsystatic.com/6559794973/r/il/24d016/6559794973/il_340x270.6559794973_pw2i.jpg","https://www.etsy.com/listing/1822510059/wicked-change-for-good-comfort-colors?ref=shop_review"
"1781165773-44","https://www.etsy.com/shop/GONdesignJEWELRY/reviews?ref=pagination&page=157","https://www.etsy.com/shop/GONdesignJEWELRY/reviews?ref=pagination&page=160","Erika on Jan 31, 2025","I loved this item and got a lot of compliments on it!","Erika","Detroit Football Fan Comfort Colors Shirt, Detroit Game Day Shirts, Lions TShirt, Detroit T-Shirt, Funny Game Day Tee","5 out of 5 stars","https://i.etsystatic.com/6369274788/r/il/a3a260/6369274788/il_340x270.6369274788_bay0.jpg","https://www.etsy.com/listing/1813741701/detroit-football-fan-comfort-colors?ref=shop_review"
"1781165773-45","https://www.etsy.com/shop/GONdesignJEWELRY/reviews?ref=pagination&page=157","https://www.etsy.com/shop/GONdesignJEWELRY/reviews?ref=pagination&page=160","Olivia on Jan 31, 2025","Super soft and comfy! I love it!","Olivia","Fourth Wing Dragon Comfort Colors Shirt,  Tairn & Andarna TShirt, Basgiath War College Tee, Dragon Rider Shirt, Bookish Gift for Readers","5 out of 5 stars","https://i.etsystatic.com/6617905583/r/il/110f98/6617905583/il_340x270.6617905583_1pgb.jpg","https://www.etsy.com/listing/1834444012/fourth-wing-dragon-comfort-colors-shirt?ref=shop_review"
"1781165773-46","https://www.etsy.com/shop/GONdesignJEWELRY/reviews?ref=pagination&page=157","https://www.etsy.com/shop/GONdesignJEWELRY/reviews?ref=pagination&page=160","Kelly on Jan 31, 2025","Shirt is just as pictured! :)","Kelly","Onyx Storm Brave The Dark Comfort Colors Shirt, Fourth Wing Series T Shirt For Fan, Violet Sorrengail Dragon Rider, Gift For Book Lover","5 out of 5 stars","https://i.etsystatic.com/6562063405/r/il/9333f7/6562063405/il_340x270.6562063405_5ju6.jpg","https://www.etsy.com/listing/1831622742/onyx-storm-brave-the-dark-comfort-colors?ref=shop_review"
"1781165773-47","https://www.etsy.com/shop/GONdesignJEWELRY/reviews?ref=pagination&page=157","https://www.etsy.com/shop/GONdesignJEWELRY/reviews?ref=pagination&page=160","Alicia on Jan 31, 2025","I’m OBSESSED with this shirt!!!","Alicia","Fourth Wing Dragon Comfort Colors Shirt,  Tairn & Andarna TShirt, Basgiath War College Tee, Dragon Rider Shirt, Bookish Gift for Readers","5 out of 5 stars","https://i.etsystatic.com/6617905583/r/il/110f98/6617905583/il_340x270.6617905583_1pgb.jpg","https://www.etsy.com/listing/1834444012/fourth-wing-dragon-comfort-colors-shirt?ref=shop_review"
"1781165773-48","https://www.etsy.com/shop/GONdesignJEWELRY/reviews?ref=pagination&page=157","https://www.etsy.com/shop/GONdesignJEWELRY/reviews?ref=pagination&page=160","Taryn on Jan 31, 2025","Arrived on time and exactly as pictured! Love it!","Taryn","Fourth Wing Dragon Comfort Colors Shirt,  Tairn & Andarna TShirt, Basgiath War College Tee, Dragon Rider Shirt, Bookish Gift for Readers","5 out of 5 stars","https://i.etsystatic.com/6617905583/r/il/110f98/6617905583/il_340x270.6617905583_1pgb.jpg","https://www.etsy.com/listing/1834444012/fourth-wing-dragon-comfort-colors-shirt?ref=shop_review"
"1781165773-49","https://www.etsy.com/shop/GONdesignJEWELRY/reviews?ref=pagination&page=157","https://www.etsy.com/shop/GONdesignJEWELRY/reviews?ref=pagination&page=160","Tim on Jan 31, 2025","item arrived fast, however the image was cut off on the top and bottom of the hoodie sweatshirt. If I had known I would not have gotten the hoodie. it cut off the fourth wing book, dragons and onyx storm book. I was kind of bummed as I just finished Onyx storm, and it only show iron flame :(","Tim","Fourth Wing Series Two Sided Sweatshirt For Fans, War College Crewneck, Dragon Rider Hoodie, Book Merch Gift","3 out of 5 stars","https://i.etsystatic.com/6495323611/r/il/db6019/6495323611/il_340x270.6495323611_gs0y.jpg",""
"1781165773-50","https://www.etsy.com/shop/GONdesignJEWELRY/reviews?ref=pagination&page=157","https://www.etsy.com/shop/GONdesignJEWELRY/reviews?ref=pagination&page=160","Tim on Jan 31, 2025","cute shirt as described, shipped fast.","Tim","Fourth Wing Dragon Comfort Colors Shirt,  Tairn & Andarna TShirt, Basgiath War College Tee, Dragon Rider Shirt, Bookish Gift for Readers","5 out of 5 stars","https://i.etsystatic.com/6617905583/r/il/110f98/6617905583/il_340x270.6617905583_1pgb.jpg","https://www.etsy.com/listing/1834444012/fourth-wing-dragon-comfort-colors-shirt?ref=shop_review"
"1781165773-51","https://www.etsy.com/shop/GONdesignJEWELRY/reviews?ref=pagination&page=157","https://www.etsy.com/shop/GONdesignJEWELRY/reviews?ref=pagination&page=160","Natalie on Jan 31, 2025","Absolutely beautiful shirt. Great quality!","Natalie","Fourth Wing Dragon Comfort Colors Shirt,  Tairn & Andarna TShirt, Basgiath War College Tee, Dragon Rider Shirt, Bookish Gift for Readers","5 out of 5 stars","https://i.etsystatic.com/6617905583/r/il/110f98/6617905583/il_340x270.6617905583_1pgb.jpg","https://www.etsy.com/listing/1834444012/fourth-wing-dragon-comfort-colors-shirt?ref=shop_review"
"1781165773-52","https://www.etsy.com/shop/GONdesignJEWELRY/reviews?ref=pagination&page=157","https://www.etsy.com/shop/GONdesignJEWELRY/reviews?ref=pagination&page=160","Courtney on Jan 31, 2025","I love it, Xaden is my number one book bf for life.","Courtney","Xaden Riorson Comfort Colors Shirt, Trendy Xaddy Shirt, Xaden Fourth Wing Fan Shirt, Onyx Storm Merch, Dragon Rider 2 Sided TShirt","5 out of 5 stars","https://i.etsystatic.com/6552523846/r/il/38486f/6552523846/il_340x270.6552523846_qmy3.jpg","https://www.etsy.com/listing/1855484525/xaden-riorson-comfort-colors-shirt?ref=shop_review"
"1781165773-53","https://www.etsy.com/shop/GONdesignJEWELRY/reviews?ref=pagination&page=157","https://www.etsy.com/shop/GONdesignJEWELRY/reviews?ref=pagination&page=160","Catherine on Jan 31, 2025","Great quality design and fast shipping!","Catherine","Fourth Wing Dragon Comfort Colors Shirt,  Tairn & Andarna TShirt, Basgiath War College Tee, Dragon Rider Shirt, Bookish Gift for Readers","5 out of 5 stars","https://i.etsystatic.com/6617905583/r/il/110f98/6617905583/il_340x270.6617905583_1pgb.jpg","https://www.etsy.com/listing/1834444012/fourth-wing-dragon-comfort-colors-shirt?ref=shop_review"
"1781165773-54","https://www.etsy.com/shop/GONdesignJEWELRY/reviews?ref=pagination&page=157","https://www.etsy.com/shop/GONdesignJEWELRY/reviews?ref=pagination&page=160","Kyra on Jan 31, 2025","","Kyra","Fourth Wing Dragon Comfort Colors Shirt,  Tairn & Andarna TShirt, Basgiath War College Tee, Dragon Rider Shirt, Bookish Gift for Readers","5 out of 5 stars","https://i.etsystatic.com/6617905583/r/il/110f98/6617905583/il_340x270.6617905583_1pgb.jpg",""
"1781165773-55","https://www.etsy.com/shop/GONdesignJEWELRY/reviews?ref=pagination&page=157","https://www.etsy.com/shop/GONdesignJEWELRY/reviews?ref=pagination&page=160","Etsy buyer on Jan 31, 2025","The quality was great. I love how it fits, and the graphic was exactly as described. Highly recommend!","Etsy buyer","Fourth Wing Series Comfort Colors Shirt For Fans, War College T-Shirt, Dragon Rider Tee, Book Merch Gift","5 out of 5 stars","https://i.etsystatic.com/6347628124/r/il/f6ad5d/6347628124/il_340x270.6347628124_n2dw.jpg","https://www.etsy.com/listing/1809627695/fourth-wing-series-comfort-colors-shirt?ref=shop_review"
"1781165773-56","https://www.etsy.com/shop/GONdesignJEWELRY/reviews?ref=pagination&page=157","https://www.etsy.com/shop/GONdesignJEWELRY/reviews?ref=pagination&page=160","Etsy buyer on Jan 31, 2025","My sister loved her shirt!","Etsy buyer","Fourth Wing Dragon Comfort Colors Shirt,  Tairn & Andarna TShirt, Basgiath War College Tee, Dragon Rider Shirt, Bookish Gift for Readers","5 out of 5 stars","https://i.etsystatic.com/6617905583/r/il/110f98/6617905583/il_340x270.6617905583_1pgb.jpg","https://www.etsy.com/listing/1834444012/fourth-wing-dragon-comfort-colors-shirt?ref=shop_review"
"1781165781-57","https://www.etsy.com/shop/GONdesignJEWELRY/reviews?ref=pagination&page=157","https://www.etsy.com/shop/GONdesignJEWELRY/reviews?ref=pagination&page=161","Jennifer on Jan 31, 2025","The quality was beautiful. It was exactly what I asked for, and I will continue to order from this shop. I highly recommend them","Jennifer","Stars Hollow Where You Lead I Will Follow Comfort Colors Shirt, Lukes Diner Shirt, 2 Sided Stars Hollow, Retro Gilmore Girls Tee","5 out of 5 stars","https://i.etsystatic.com/6402185285/r/il/d9f1b8/6402185285/il_340x270.6402185285_mz4o.jpg","https://www.etsy.com/listing/1796473638/stars-hollow-where-you-lead-i-will?ref=shop_review"
"1781165781-58","https://www.etsy.com/shop/GONdesignJEWELRY/reviews?ref=pagination&page=157","https://www.etsy.com/shop/GONdesignJEWELRY/reviews?ref=pagination&page=161","lauren on Jan 31, 2025","Can’t wait wear it! I love the comfort colors ts","lauren","Fourth Wing Dragon Comfort Colors Shirt,  Tairn & Andarna TShirt, Basgiath War College Tee, Dragon Rider Shirt, Bookish Gift for Readers","5 out of 5 stars","https://i.etsystatic.com/6617905583/r/il/110f98/6617905583/il_340x270.6617905583_1pgb.jpg","https://www.etsy.com/listing/1834444012/fourth-wing-dragon-comfort-colors-shirt?ref=shop_review"
"1781165781-59","https://www.etsy.com/shop/GONdesignJEWELRY/reviews?ref=pagination&page=157","https://www.etsy.com/shop/GONdesignJEWELRY/reviews?ref=pagination&page=161","Etsy buyer on Jan 31, 2025","Shipped super fast! I was so excited to get this dragon shirt based on Fourth Wing after finishing Onyx Storm!! Such a cute little subtle book worm shirt to wear:)","Etsy buyer","Fourth Wing Dragon Comfort Colors Shirt,  Tairn & Andarna TShirt, Basgiath War College Tee, Dragon Rider Shirt, Bookish Gift for Readers","5 out of 5 stars","https://i.etsystatic.com/6617905583/r/il/110f98/6617905583/il_340x270.6617905583_1pgb.jpg","https://www.etsy.com/listing/1834444012/fourth-wing-dragon-comfort-colors-shirt?ref=shop_review"
"1781165781-60","https://www.etsy.com/shop/GONdesignJEWELRY/reviews?ref=pagination&page=157","https://www.etsy.com/shop/GONdesignJEWELRY/reviews?ref=pagination&page=161","Danielle on Jan 31, 2025","These guys use Comfort Color brand of shirts! If you know it, you know they're good quality sturdy shirts! So worth the money! Plus I love the design and that this seller created it. It fits all my book nerd dreams! I'm coming back for more!","Danielle","Fourth Wing Dragon Comfort Colors Shirt,  Tairn & Andarna TShirt, Basgiath War College Tee, Dragon Rider Shirt, Bookish Gift for Readers","5 out of 5 stars","https://i.etsystatic.com/6617905583/r/il/110f98/6617905583/il_340x270.6617905583_1pgb.jpg","https://www.etsy.com/listing/1834444012/fourth-wing-dragon-comfort-colors-shirt?ref=shop_review"
"1781165781-61","https://www.etsy.com/shop/GONdesignJEWELRY/reviews?ref=pagination&page=157","https://www.etsy.com/shop/GONdesignJEWELRY/reviews?ref=pagination&page=161","Kacie on Jan 31, 2025","As described and great quality!!","Kacie","Fourth Wing Series Two Sided Comfort Colors Shirt For Fans, War College T-Shirt, Dragon Rider Bookish Shirt, Book Merch Gift","5 out of 5 stars","https://i.etsystatic.com/6490092703/r/il/e92e8a/6490092703/il_340x270.6490092703_6seh.jpg","https://www.etsy.com/listing/1814326778/fourth-wing-series-two-sided-comfort?ref=shop_review"
"1781165781-62","https://www.etsy.com/shop/GONdesignJEWELRY/reviews?ref=pagination&page=157","https://www.etsy.com/shop/GONdesignJEWELRY/reviews?ref=pagination&page=161","Sarah on Jan 30, 2025","My husband loves it! Thank you","Sarah","Pink Pony Club Comfort Colors Shirt, Pink Pony Girl Tee, Midwest Princess Tour Shirt, Wlw Shirt, Sapphic Lesbian Shirts","5 out of 5 stars","https://i.etsystatic.com/6320354222/r/il/1af59f/6320354222/il_340x270.6320354222_5vyx.jpg","https://www.etsy.com/listing/1804152241/pink-pony-club-comfort-colors-shirt-pink?ref=shop_review"
"1781165781-63","https://www.etsy.com/shop/GONdesignJEWELRY/reviews?ref=pagination&page=157","https://www.etsy.com/shop/GONdesignJEWELRY/reviews?ref=pagination&page=161","Mara on Jan 30, 2025","My sister loved it so much!","Mara","Wicked Change For Good Comfort Colors Shirt, Defy Gravity Broomstick Magic Wand, Wizard Movie Fan Shirt, Wicked Musical Fan Gift","5 out of 5 stars","https://i.etsystatic.com/6559794973/r/il/24d016/6559794973/il_340x270.6559794973_pw2i.jpg","https://www.etsy.com/listing/1822510059/wicked-change-for-good-comfort-colors?ref=shop_review"
"1781165781-64","https://www.etsy.com/shop/GONdesignJEWELRY/reviews?ref=pagination&page=157","https://www.etsy.com/shop/GONdesignJEWELRY/reviews?ref=pagination&page=161","Linda on Jan 30, 2025","Quality product & timely delivery. Great Gift for my Daughter who is an avid fan of this author/book series.","Linda","Fourth Wing Dragon Comfort Colors Shirt, Basgiath War Codex TShirt, Tairn & Andarna Tail TShirt, Dragon Rider Shirt, Bookish Gifts","5 out of 5 stars","https://i.etsystatic.com/6572481826/r/il/6d5c3b/6572481826/il_340x270.6572481826_gsfi.jpg","https://www.etsy.com/listing/1845452922/fourth-wing-dragon-comfort-colors-shirt?ref=shop_review"
"1781165781-65","https://www.etsy.com/shop/GONdesignJEWELRY/reviews?ref=pagination&page=157","https://www.etsy.com/shop/GONdesignJEWELRY/reviews?ref=pagination&page=161","Etsy buyer on Jan 30, 2025","A big fan of the series! The best gift I could get for my book club!","","Villain Assistant Comfort Colors Shirt For Fan, Kingsley the Frog Halp T Shirt, Villain Lover Tee, Funny Gift For Romantasy Book Lover","5 out of 5 stars","https://i.etsystatic.com/6595581977/r/il/e23fc8/6595581977/il_340x270.6595581977_i2yv.jpg","https://www.etsy.com/listing/1840192726/villain-assistant-comfort-colors-shirt?ref=shop_review"
"1781165781-66","https://www.etsy.com/shop/GONdesignJEWELRY/reviews?ref=pagination&page=157","https://www.etsy.com/shop/GONdesignJEWELRY/reviews?ref=pagination&page=161","Ashley on Jan 30, 2025","loved this shirt! It was exactly as advertised","Ashley","Dragon Book Comfort Colors Shirt, Bookworm Book Dragon Sweatshirt, Easily Distracted By Dragons And Books Shirts,Dragon Rider Fan Merch","5 out of 5 stars","https://i.etsystatic.com/6089318970/r/il/105dce/6089318970/il_340x270.6089318970_qlc3.jpg","https://www.etsy.com/listing/1753983331/dragon-book-comfort-colors-shirt?ref=shop_review"
"1781165781-67","https://www.etsy.com/shop/GONdesignJEWELRY/reviews?ref=pagination&page=157","https://www.etsy.com/shop/GONdesignJEWELRY/reviews?ref=pagination&page=161","Ashley on Jan 30, 2025","loved this shirt! It was exactly as advertised","Ashley","Fourth Wing Comfort Colors Shirt, In My Fantasy Era, The Empyrean Series, Fantasy Readers Society, Dragon Lover, Fourth Wing Merch","5 out of 5 stars","https://i.etsystatic.com/6384276520/r/il/f40385/6384276520/il_340x270.6384276520_28gj.jpg","https://www.etsy.com/listing/1816764535/fourth-wing-comfort-colors-shirt-in-my?ref=shop_review"
"1781165781-68","https://www.etsy.com/shop/GONdesignJEWELRY/reviews?ref=pagination&page=157","https://www.etsy.com/shop/GONdesignJEWELRY/reviews?ref=pagination&page=161","Ashley on Jan 30, 2025","loved this shirt! It was exactly as advertised","Ashley","Fourth Wing Series Comfort Colors Shirt For Fan, Brave The Dark Onyx T Shirt, Dragon Lover Tee, Gift For Book Lover","5 out of 5 stars","https://i.etsystatic.com/6410158352/r/il/5a8a23/6410158352/il_340x270.6410158352_41s5.jpg","https://www.etsy.com/listing/1821952905/fourth-wing-series-comfort-colors-shirt?ref=shop_review"
"1781165781-69","https://www.etsy.com/shop/GONdesignJEWELRY/reviews?ref=pagination&page=157","https://www.etsy.com/shop/GONdesignJEWELRY/reviews?ref=pagination&page=161","Madisan on Jan 30, 2025","Arrived very fast. Perfect for Fourth Wing fans. Loveeee the comfort colors.","Madisan","Basgiath War College 2 Sided Comfort Colors Shirt, Vintage Dragon Rider TShirt,  Fourth Wing Riders Quadrant,Trendy Book Merch,Bookish Gifts","5 out of 5 stars","https://i.etsystatic.com/6572047861/r/il/c15703/6572047861/il_340x270.6572047861_4vw6.jpg","https://www.etsy.com/listing/1834454236/basgiath-war-college-2-sided-comfort?ref=shop_review"
"1781165781-70","https://www.etsy.com/shop/GONdesignJEWELRY/reviews?ref=pagination&page=157","https://www.etsy.com/shop/GONdesignJEWELRY/reviews?ref=pagination&page=161","Raejan on Jan 30, 2025","Amazing quality! It was just what I wanted for the release of Onyx Storm. I can’t wait to start sporting this tee! 🐉🤍","Raejan","Fourth Wing Dragon Comfort Colors Shirt,  Tairn & Andarna TShirt, Basgiath War College Tee, Dragon Rider Shirt, Bookish Gift for Readers","5 out of 5 stars","https://i.etsystatic.com/6617905583/r/il/110f98/6617905583/il_340x270.6617905583_1pgb.jpg","https://www.etsy.com/listing/1834444012/fourth-wing-dragon-comfort-colors-shirt?ref=shop_review"
"1781165789-71","https://www.etsy.com/shop/GONdesignJEWELRY/reviews?ref=pagination&page=157","https://www.etsy.com/shop/GONdesignJEWELRY/reviews?ref=pagination&page=162","Jessica on Jan 30, 2025","So obsessed- love it thanks!","Jessica","Velaris The Night Court Acotar 2 Sided Comfort Colors Shirt, Velaris The Night Court Shirt, Court Of Dreams, Inner Circle Acotar Tee","5 out of 5 stars","https://i.etsystatic.com/6191051472/r/il/55c9c1/6191051472/il_340x270.6191051472_9fhf.jpg","https://www.etsy.com/listing/1762772738/velaris-the-night-court-acotar-2-sided?ref=shop_review"
"1781165789-72","https://www.etsy.com/shop/GONdesignJEWELRY/reviews?ref=pagination&page=157","https://www.etsy.com/shop/GONdesignJEWELRY/reviews?ref=pagination&page=162","Michelle on Jan 30, 2025","Unfortunately the shirt I received had a double printing error and seemed blurry; however, customer service handle the issue immediately. Based on other reviews it seems like this was a singular issue and not a broad problem with quality.","Michelle","The Thirteen Throne Of Glass Comfort Colors Shirt, Sjm Merch, From Now Until The Darkness Claims Us Shirt, We Are The Thirteen, Bookish Gift","5 out of 5 stars","https://i.etsystatic.com/6152739971/r/il/c64079/6152739971/il_340x270.6152739971_dcut.jpg","https://www.etsy.com/people/ip6lnc5uwh4ukq62"
"1781165789-73","https://www.etsy.com/shop/GONdesignJEWELRY/reviews?ref=pagination&page=157","https://www.etsy.com/shop/GONdesignJEWELRY/reviews?ref=pagination&page=162","Katie on Jan 30, 2025","Such a great shirt! Quality printing, nice thick material, looks exactly like the photos. Can't wait to wear for my girls reading weekend!","Katie","Violet Apothecary Comfort Colors Shirt, Basgiath War College Merch, Fourth Wing Shirts, Riders Quadrant, Bookish Tee, Gift For Book Lover","5 out of 5 stars","https://i.etsystatic.com/6104605440/r/il/093db7/6104605440/il_340x270.6104605440_93cg.jpg","https://www.etsy.com/listing/1757274509/violet-apothecary-comfort-colors-shirt?ref=shop_review"
"1781165789-74","https://www.etsy.com/shop/GONdesignJEWELRY/reviews?ref=pagination&page=157","https://www.etsy.com/shop/GONdesignJEWELRY/reviews?ref=pagination&page=162","Renee on Jan 30, 2025","My little loves this shirt so much!","Renee","Wicked Change For Good Comfort Colors Shirt, Defy Gravity Broomstick Magic Wand, Wizard Movie Fan Shirt, Wicked Musical Fan Gift","5 out of 5 stars","https://i.etsystatic.com/6461001845/r/il/9ae655/6461001845/il_340x270.6461001845_55ss.jpg","https://www.etsy.com/listing/1822510059/wicked-change-for-good-comfort-colors?ref=shop_review"
"1781165789-75","https://www.etsy.com/shop/GONdesignJEWELRY/reviews?ref=pagination&page=157","https://www.etsy.com/shop/GONdesignJEWELRY/reviews?ref=pagination&page=162","Sonya on Jan 30, 2025","This is exactly what I wanted","Sonya","Fourth Wing Dragon Comfort Colors Shirt,  Tairn & Andarna TShirt, Basgiath War College Tee, Dragon Rider Shirt, Bookish Gift for Readers","5 out of 5 stars","https://i.etsystatic.com/6617905583/r/il/110f98/6617905583/il_340x270.6617905583_1pgb.jpg","https://www.etsy.com/listing/1834444012/fourth-wing-dragon-comfort-colors-shirt?ref=shop_review"
"1781165789-76","https://www.etsy.com/shop/GONdesignJEWELRY/reviews?ref=pagination&page=157","https://www.etsy.com/shop/GONdesignJEWELRY/reviews?ref=pagination&page=162","Etsy buyer on Jan 29, 2025","Exactly what I was looking for. Never want to take it off","Etsy buyer","Fourth Wing Dragon Comfort Colors Shirt,  Tairn & Andarna TShirt, Basgiath War College Tee, Dragon Rider Shirt, Bookish Gift for Readers","5 out of 5 stars","https://i.etsystatic.com/6571995215/r/il/6cb952/6571995215/il_340x270.6571995215_gls1.jpg","https://www.etsy.com/listing/1834444012/fourth-wing-dragon-comfort-colors-shirt?ref=shop_review"
"1781165789-77","https://www.etsy.com/shop/GONdesignJEWELRY/reviews?ref=pagination&page=157","https://www.etsy.com/shop/GONdesignJEWELRY/reviews?ref=pagination&page=162","ANA on Jan 29, 2025","The quality of the sweater is soft and nice. The item looks exactly as it's pictured and it met my expectations perfectly!","ANA","Wizard Movie Fan Sweatshirt, Wicked Change For Good Crewneck, Popular - LAR T Shirt, Wicked Musical Fan Gift, Magical Wizard Tee","5 out of 5 stars","https://i.etsystatic.com/6428845650/r/il/429c74/6428845650/il_340x270.6428845650_bc38.jpg","https://www.etsy.com/listing/1811560404/wizard-movie-fan-sweatshirt-wicked?ref=shop_review"
"1781165789-78","https://www.etsy.com/shop/GONdesignJEWELRY/reviews?ref=pagination&page=157","https://www.etsy.com/shop/GONdesignJEWELRY/reviews?ref=pagination&page=162","Kirsten on Jan 29, 2025","Shipped fast and looks amazing! Can’t wait to wear it!","Kirsten","Onyx Storm Brave The Dark Comfort Colors Shirt, Fourth Wing Series T Shirt For Fan, Violet Sorrengail Dragon Rider, Gift For Book Lover","5 out of 5 stars","https://i.etsystatic.com/6562063405/r/il/9333f7/6562063405/il_340x270.6562063405_5ju6.jpg","https://www.etsy.com/listing/1831622742/onyx-storm-brave-the-dark-comfort-colors?ref=shop_review"
"1781165789-79","https://www.etsy.com/shop/GONdesignJEWELRY/reviews?ref=pagination&page=157","https://www.etsy.com/shop/GONdesignJEWELRY/reviews?ref=pagination&page=162","Etsy buyer on Jan 29, 2025","Love, love, love this shirt! Exactly as described!","Etsy buyer","Fourth Wing Dragon Comfort Colors Shirt,  Tairn & Andarna TShirt, Basgiath War College Tee, Dragon Rider Shirt, Bookish Gift for Readers","5 out of 5 stars","https://i.etsystatic.com/6571995215/r/il/6cb952/6571995215/il_340x270.6571995215_gls1.jpg","https://www.etsy.com/listing/1834444012/fourth-wing-dragon-comfort-colors-shirt?ref=shop_review"
"1781165789-80","https://www.etsy.com/shop/GONdesignJEWELRY/reviews?ref=pagination&page=157","https://www.etsy.com/shop/GONdesignJEWELRY/reviews?ref=pagination&page=162","Stephanie on Jan 29, 2025","Super nice print, doesn’t look like it’ll flake or crack.","Stephanie","Fourth Wing Series Two Sided Comfort Colors Shirt For Fans, War College T-Shirt, Dragon Rider Bookish Shirt, Book Merch Gift","5 out of 5 stars","https://i.etsystatic.com/6490092703/r/il/e92e8a/6490092703/il_340x270.6490092703_6seh.jpg",""
"1781165789-81","https://www.etsy.com/shop/GONdesignJEWELRY/reviews?ref=pagination&page=157","https://www.etsy.com/shop/GONdesignJEWELRY/reviews?ref=pagination&page=162","Kelsey on Jan 29, 2025","Amazing shirt! Absolutely love the design, comfort and fit!","Kelsey","Fourth Wing Series Two Sided Comfort Colors Shirt For Fans, War College T-Shirt, Dragon Rider Bookish Shirt, Book Merch Gift","5 out of 5 stars","https://i.etsystatic.com/6490092703/r/il/e92e8a/6490092703/il_340x270.6490092703_6seh.jpg","https://www.etsy.com/listing/1814326778/fourth-wing-series-two-sided-comfort?ref=shop_review"
"1781165789-82","https://www.etsy.com/shop/GONdesignJEWELRY/reviews?ref=pagination&page=157","https://www.etsy.com/shop/GONdesignJEWELRY/reviews?ref=pagination&page=162","Etsy buyer on Jan 29, 2025","Love this shirt, quality is great and it arrived quickly. The colors in the print are beautiful!","Etsy buyer","Wicked Change For Good Comfort Colors Shirt, Defy Gravity Broomstick Magic Wand, Wizard Movie Fan Shirt, Wicked Musical Fan Gift","5 out of 5 stars","https://i.etsystatic.com/6559794973/r/il/24d016/6559794973/il_340x270.6559794973_pw2i.jpg","https://www.etsy.com/listing/1822510059/wicked-change-for-good-comfort-colors?ref=shop_review"
"1781165789-83","https://www.etsy.com/shop/GONdesignJEWELRY/reviews?ref=pagination&page=157","https://www.etsy.com/shop/GONdesignJEWELRY/reviews?ref=pagination&page=162","Etsy buyer on Jan 29, 2025","Love this shirt, quality is great and it arrived quickly. The colors in the print are beautiful!","Etsy buyer","Wicked Defying Gravity Comfort Colors Shirt, Pink And Green Changed For Good Tshirt, Wicked The Musical, Broomstick Magic Wand MovieFanShirt","5 out of 5 stars","https://i.etsystatic.com/6426015694/r/il/730352/6426015694/il_340x270.6426015694_71m1.jpg","https://www.etsy.com/listing/1825154987/wicked-defying-gravity-comfort-colors?ref=shop_review"
"1781165789-84","https://www.etsy.com/shop/GONdesignJEWELRY/reviews?ref=pagination&page=157","https://www.etsy.com/shop/GONdesignJEWELRY/reviews?ref=pagination&page=162","jami on Jan 29, 2025","I love it! Currently wearing it while reading Onyx Storm!","jami","Fourth Wing Dragon Comfort Colors Shirt,  Tairn & Andarna TShirt, Basgiath War College Tee, Dragon Rider Shirt, Bookish Gift for Readers","5 out of 5 stars","https://i.etsystatic.com/6617905583/r/il/110f98/6617905583/il_340x270.6617905583_1pgb.jpg","https://www.etsy.com/listing/1834444012/fourth-wing-dragon-comfort-colors-shirt?ref=shop_review"
"1781165797-85","https://www.etsy.com/shop/GONdesignJEWELRY/reviews?ref=pagination&page=157","https://www.etsy.com/shop/GONdesignJEWELRY/reviews?ref=pagination&page=163","Amber on Jan 29, 2025","Got this for my sister in law as a gift and she loved it!","Amber","Changed For Good Wicked Sweatshirt, Defy Gravity Broomstick Magic Wand, Wicked Sweater, Wizard Movie Fan Shirt, Wicked Movie Fan Xmas Gift","5 out of 5 stars","https://i.etsystatic.com/6422428612/r/il/17854e/6422428612/il_340x270.6422428612_4y4v.jpg","https://www.etsy.com/listing/1824081583/changed-for-good-wicked-sweatshirt-defy?ref=shop_review"
"1781165797-86","https://www.etsy.com/shop/GONdesignJEWELRY/reviews?ref=pagination&page=157","https://www.etsy.com/shop/GONdesignJEWELRY/reviews?ref=pagination&page=163","King on Jan 29, 2025","Wife was very happy would recommend","King","Fourth Wing Dragon Comfort Colors Shirt,  Tairn & Andarna TShirt, Basgiath War College Tee, Dragon Rider Shirt, Bookish Gift for Readers","5 out of 5 stars","https://i.etsystatic.com/6617905583/r/il/110f98/6617905583/il_340x270.6617905583_1pgb.jpg","https://www.etsy.com/listing/1834444012/fourth-wing-dragon-comfort-colors-shirt?ref=shop_review"
"1781165797-87","https://www.etsy.com/shop/GONdesignJEWELRY/reviews?ref=pagination&page=157","https://www.etsy.com/shop/GONdesignJEWELRY/reviews?ref=pagination&page=163","KC on Jan 29, 2025","Great item. Arrived quickly. Thanks!","KC","LOTR Narsil Broken Blade Comfort Colors Shirt, Tree Of Gondor Sign Shirt, Fan Merch, Lotr Fan Gift, Gifts for Book Lovers","5 out of 5 stars","https://i.etsystatic.com/6534464156/r/il/65a254/6534464156/il_340x270.6534464156_3vbb.jpg","https://www.etsy.com/listing/1837262958/lotr-narsil-broken-blade-comfort-colors?ref=shop_review"
"1781165797-88","https://www.etsy.com/shop/GONdesignJEWELRY/reviews?ref=pagination&page=157","https://www.etsy.com/shop/GONdesignJEWELRY/reviews?ref=pagination&page=163","Etsy buyer on Jan 29, 2025","Thank you so much for the fast shipping! I was able to wear this to the Onyx Storm release party and got lots of compliments!","Etsy buyer","Fourth Wing Series Two Sided Comfort Colors Shirt For Fans, War College T-Shirt, Dragon Rider Bookish Shirt, Book Merch Gift","5 out of 5 stars","https://i.etsystatic.com/6490092703/r/il/e92e8a/6490092703/il_340x270.6490092703_6seh.jpg",""
"1781165797-89","https://www.etsy.com/shop/GONdesignJEWELRY/reviews?ref=pagination&page=157","https://www.etsy.com/shop/GONdesignJEWELRY/reviews?ref=pagination&page=163","Gabrielle on Jan 29, 2025","Great product! I have worn it several times and it is very comfy.","Gabrielle","I Am No Man Comfort Color Shirt, LOTR Shirt, Fantasy Reader TShirt, Eowyn Shirt,  Book Quote Shirt, I Am No Man Tee, Girl Power Shirt","5 out of 5 stars","https://i.etsystatic.com/6145835093/r/il/ebe580/6145835093/il_340x270.6145835093_qazs.jpg","https://www.etsy.com/listing/1741628358/i-am-no-man-comfort-color-shirt-lotr?ref=shop_review"
"1781165797-90","https://www.etsy.com/shop/GONdesignJEWELRY/reviews?ref=pagination&page=157","https://www.etsy.com/shop/GONdesignJEWELRY/reviews?ref=pagination&page=163","Takoda on Jan 28, 2025","Really excellent! Matched the description. Can’t wait to wear it to book club!","Takoda","Fourth Wing Dragon Comfort Colors Shirt,  Tairn & Andarna TShirt, Basgiath War College Tee, Dragon Rider Shirt, Bookish Gift for Readers","4 out of 5 stars","https://i.etsystatic.com/6617905583/r/il/110f98/6617905583/il_340x270.6617905583_1pgb.jpg","https://www.etsy.com/listing/1834444012/fourth-wing-dragon-comfort-colors-shirt?ref=shop_review"
"1781165797-91","https://www.etsy.com/shop/GONdesignJEWELRY/reviews?ref=pagination&page=157","https://www.etsy.com/shop/GONdesignJEWELRY/reviews?ref=pagination&page=163","Kristen on Jan 28, 2025","looks just like pictures. cute colors.","Kristen","Fan Of ACOTAR Series Two Sided Comfort Colors Shirt, The Bat Boys Shirt, Velaris Book Lover T Shirt, SJM Inspired Tee, Gift For Bookish","5 out of 5 stars","https://i.etsystatic.com/6479794447/r/il/c3db72/6479794447/il_340x270.6479794447_5z7l.jpg","https://www.etsy.com/listing/1826337735/fan-of-acotar-series-two-sided-comfort?ref=shop_review"
"1781165797-92","https://www.etsy.com/shop/GONdesignJEWELRY/reviews?ref=pagination&page=157","https://www.etsy.com/shop/GONdesignJEWELRY/reviews?ref=pagination&page=163","Kristen on Jan 28, 2025","looks just like pictures. nice","Kristen","Fan Of ACOTAR Series Two Sided Comfort Colors Shirt, The Bat Boys Shirt, Velaris Book Lover T Shirt, SJM Inspired Tee, Gift For Bookish","5 out of 5 stars","https://i.etsystatic.com/6479794447/r/il/c3db72/6479794447/il_340x270.6479794447_5z7l.jpg","https://www.etsy.com/listing/1826337735/fan-of-acotar-series-two-sided-comfort?ref=shop_review"
"1781165797-93","https://www.etsy.com/shop/GONdesignJEWELRY/reviews?ref=pagination&page=157","https://www.etsy.com/shop/GONdesignJEWELRY/reviews?ref=pagination&page=163","s. on Jan 28, 2025","Comfort colors is a thick material so I know this shirt will last. The sizing does run a little small so I sized up to prepare for that.","s.","Fourth Wing Dragon Comfort Colors Shirt,  Tairn & Andarna TShirt, Basgiath War College Tee, Dragon Rider Shirt, Bookish Gift for Readers","5 out of 5 stars","https://i.etsystatic.com/6617905583/r/il/110f98/6617905583/il_340x270.6617905583_1pgb.jpg","https://www.etsy.com/listing/1834444012/fourth-wing-dragon-comfort-colors-shirt?ref=shop_review"
"1781165797-94","https://www.etsy.com/shop/GONdesignJEWELRY/reviews?ref=pagination&page=157","https://www.etsy.com/shop/GONdesignJEWELRY/reviews?ref=pagination&page=163","Tonianne on Jan 28, 2025","The shirt is adorable and well made. Perfectly oversized.","Tonianne","The Shire LOTR Comfort Colors Shirt For Fans, Fantasy Book Lover T Shirt, Funny Second Breakfast Tee, Gift For Book Lover","5 out of 5 stars","https://i.etsystatic.com/6569082793/r/il/7667c1/6569082793/il_340x270.6569082793_6jq3.jpg","https://www.etsy.com/listing/1833612946/the-shire-lotr-comfort-colors-shirt-for?ref=shop_review"
"1781165797-95","https://www.etsy.com/shop/GONdesignJEWELRY/reviews?ref=pagination&page=157","https://www.etsy.com/shop/GONdesignJEWELRY/reviews?ref=pagination&page=163","Kali on Jan 28, 2025","Love it !! Just as described","Kali","Fourth Wing Dragon Comfort Colors Shirt,  Tairn & Andarna TShirt, Basgiath War College Tee, Dragon Rider Shirt, Bookish Gift for Readers","5 out of 5 stars","https://i.etsystatic.com/6617905583/r/il/110f98/6617905583/il_340x270.6617905583_1pgb.jpg","https://www.etsy.com/listing/1834444012/fourth-wing-dragon-comfort-colors-shirt?ref=shop_review"
"1781165797-96","https://www.etsy.com/shop/GONdesignJEWELRY/reviews?ref=pagination&page=157","https://www.etsy.com/shop/GONdesignJEWELRY/reviews?ref=pagination&page=163","Danielle on Jan 28, 2025","The shirt and print are of great quality! I love everything about it and will be back to shop for other items!","Danielle","Starfall House Of Wind Comfort Colors Shirt, Velaris Star City Merch, Night Court T Shirt, SJM ACOTAR Inspired Tee, Bookish Gift","5 out of 5 stars","https://i.etsystatic.com/6104631010/r/il/8b996b/6104631010/il_340x270.6104631010_ovgt.jpg","https://www.etsy.com/listing/1743085176/starfall-house-of-wind-comfort-colors?ref=shop_review"
"1781165797-97","https://www.etsy.com/shop/GONdesignJEWELRY/reviews?ref=pagination&page=157","https://www.etsy.com/shop/GONdesignJEWELRY/reviews?ref=pagination&page=163","Layla on Jan 28, 2025","Love this shirt so much! I wore it for the first time today and got so many compliments","Layla","Fourth Wing Dragon Comfort Colors Shirt,  Tairn & Andarna TShirt, Basgiath War College Tee, Dragon Rider Shirt, Bookish Gift for Readers","5 out of 5 stars","https://i.etsystatic.com/6617905583/r/il/110f98/6617905583/il_340x270.6617905583_1pgb.jpg",""
"1781165797-98","https://www.etsy.com/shop/GONdesignJEWELRY/reviews?ref=pagination&page=157","https://www.etsy.com/shop/GONdesignJEWELRY/reviews?ref=pagination&page=163","Etsy buyer on Jan 28, 2025","Item was great, for my sister","Etsy buyer","Fourth Wing Series Comfort Colors Shirt For Fans, War College T-Shirt, Dragon Rider Tee, Book Merch Gift","5 out of 5 stars","https://i.etsystatic.com/6347628124/r/il/f6ad5d/6347628124/il_340x270.6347628124_n2dw.jpg","https://www.etsy.com/listing/1809627695/fourth-wing-series-comfort-colors-shirt?ref=shop_review"
"1781165805-99","https://www.etsy.com/shop/GONdesignJEWELRY/reviews?ref=pagination&page=157","https://www.etsy.com/shop/GONdesignJEWELRY/reviews?ref=pagination&page=164","Ashleigh on Jan 28, 2025","Exactly as pictured. Great design and Super comfy","Ashleigh","Riorson House Comfort Colors Shirt, Fortress Of Aretia Shirts, Fourth Wing Inspired Merch, RY Inspired T Shirt, Bookish Gift","5 out of 5 stars","https://i.etsystatic.com/6150626375/r/il/1b0d30/6150626375/il_340x270.6150626375_qvze.jpg","https://www.etsy.com/listing/1742660126/riorson-house-comfort-colors-shirt?ref=shop_review"
"1781165805-100","https://www.etsy.com/shop/GONdesignJEWELRY/reviews?ref=pagination&page=157","https://www.etsy.com/shop/GONdesignJEWELRY/reviews?ref=pagination&page=164","Emily on Jan 28, 2025","","Emily","Fourth Wing Dragon Comfort Colors Shirt,  Tairn & Andarna TShirt, Basgiath War College Tee, Dragon Rider Shirt, Bookish Gift for Readers","5 out of 5 stars","https://i.etsystatic.com/6617905583/r/il/110f98/6617905583/il_340x270.6617905583_1pgb.jpg",""
"1781165805-101","https://www.etsy.com/shop/GONdesignJEWELRY/reviews?ref=pagination&page=157","https://www.etsy.com/shop/GONdesignJEWELRY/reviews?ref=pagination&page=164","Danielle on Jan 28, 2025","Beautiful shirt! Love the quality!","Danielle","Fourth Wing Dragon Comfort Colors Shirt,  Tairn & Andarna TShirt, Basgiath War College Tee, Dragon Rider Shirt, Bookish Gift for Readers","5 out of 5 stars","https://i.etsystatic.com/6571995215/r/il/6cb952/6571995215/il_340x270.6571995215_gls1.jpg","https://www.etsy.com/listing/1834444012/fourth-wing-dragon-comfort-colors-shirt?ref=shop_review"
"1781165805-102","https://www.etsy.com/shop/GONdesignJEWELRY/reviews?ref=pagination&page=157","https://www.etsy.com/shop/GONdesignJEWELRY/reviews?ref=pagination&page=164","Deidra on Jan 28, 2025","I got a size 2 sizes up so it would be big on me. I love it!","Deidra","Velaris The Night Court Acotar 2 Sided Comfort Colors Shirt, Velaris The Night Court Shirt, Court Of Dreams, Inner Circle Acotar Tee","5 out of 5 stars","https://i.etsystatic.com/6191051472/r/il/55c9c1/6191051472/il_340x270.6191051472_9fhf.jpg","https://www.etsy.com/listing/1762772738/velaris-the-night-court-acotar-2-sided?ref=shop_review"
"1781165805-103","https://www.etsy.com/shop/GONdesignJEWELRY/reviews?ref=pagination&page=157","https://www.etsy.com/shop/GONdesignJEWELRY/reviews?ref=pagination&page=164","Margot on Jan 28, 2025","I love this tee shirt! Great for sleep and lounging around while reading the empyrean series!","Margot","Fourth Wing Dragon Comfort Colors Shirt,  Tairn & Andarna TShirt, Basgiath War College Tee, Dragon Rider Shirt, Bookish Gift for Readers","5 out of 5 stars","https://i.etsystatic.com/6571995215/r/il/6cb952/6571995215/il_340x270.6571995215_gls1.jpg","https://www.etsy.com/listing/1834444012/fourth-wing-dragon-comfort-colors-shirt?ref=shop_review"
"1781165805-104","https://www.etsy.com/shop/GONdesignJEWELRY/reviews?ref=pagination&page=157","https://www.etsy.com/shop/GONdesignJEWELRY/reviews?ref=pagination&page=164","Taylor on Jan 28, 2025","It’s amazing, my friend is gonna love it","Taylor","Shadowsinger Night Court Comfort Color Shirts, Azriel SJM Book Merch Inspired, The Bat Boys Velraris Tee","5 out of 5 stars","https://i.etsystatic.com/6087147986/r/il/f15451/6087147986/il_340x270.6087147986_odir.jpg","https://www.etsy.com/listing/1738772906/shadowsinger-night-court-comfort-color?ref=shop_review"
"1781165805-105","https://www.etsy.com/shop/GONdesignJEWELRY/reviews?ref=pagination&page=157","https://www.etsy.com/shop/GONdesignJEWELRY/reviews?ref=pagination&page=164","Karen on Jan 28, 2025","I love Bridgerton, so this is just such a cute sweatshirt to go along with that","Karen","Spill The Tea Lady Whistledown's Comfort Colors Shirt, Society Papers TShirt, Bridgerton Fashion Tee, Lady Whistledown's Shirt","5 out of 5 stars","https://i.etsystatic.com/6102563174/r/il/c6d4d8/6102563174/il_340x270.6102563174_8e4d.jpg","https://www.etsy.com/listing/1742665356/spill-the-tea-lady-whistledowns-comfort?ref=shop_review"
"1781165805-106","https://www.etsy.com/shop/GONdesignJEWELRY/reviews?ref=pagination&page=157","https://www.etsy.com/shop/GONdesignJEWELRY/reviews?ref=pagination&page=164","Etsy buyer on Jan 27, 2025","Exactly what I ordered, just in time for the big release of the third book! Extremely happy with this purchase and excited to check out what else this shop has to offer!","Etsy buyer","Fourth Wing Dragon Comfort Colors Shirt,  Tairn & Andarna TShirt, Basgiath War College Tee, Dragon Rider Shirt, Bookish Gift for Readers","5 out of 5 stars","https://i.etsystatic.com/6617905583/r/il/110f98/6617905583/il_340x270.6617905583_1pgb.jpg","https://www.etsy.com/listing/1834444012/fourth-wing-dragon-comfort-colors-shirt?ref=shop_review"
"1781165805-107","https://www.etsy.com/shop/GONdesignJEWELRY/reviews?ref=pagination&page=157","https://www.etsy.com/shop/GONdesignJEWELRY/reviews?ref=pagination&page=164","Dara on Jan 27, 2025","Just what I thought it would be.","Dara","Fourth Wing Dragon Comfort Colors Shirt,  Tairn & Andarna TShirt, Basgiath War College Tee, Dragon Rider Shirt, Bookish Gift for Readers","5 out of 5 stars","https://i.etsystatic.com/6617905583/r/il/110f98/6617905583/il_340x270.6617905583_1pgb.jpg","https://www.etsy.com/listing/1834444012/fourth-wing-dragon-comfort-colors-shirt?ref=shop_review"
"1781165805-108","https://www.etsy.com/shop/GONdesignJEWELRY/reviews?ref=pagination&page=157","https://www.etsy.com/shop/GONdesignJEWELRY/reviews?ref=pagination&page=164","Carrington on Jan 27, 2025","So comfortable! The art quality is amazing!","Carrington","Fourth Wing Dragon Comfort Colors Shirt,  Tairn & Andarna TShirt, Basgiath War College Tee, Dragon Rider Shirt, Bookish Gift for Readers","5 out of 5 stars","https://i.etsystatic.com/6617905583/r/il/110f98/6617905583/il_340x270.6617905583_1pgb.jpg","https://www.etsy.com/listing/1834444012/fourth-wing-dragon-comfort-colors-shirt?ref=shop_review"
"1781165805-109","https://www.etsy.com/shop/GONdesignJEWELRY/reviews?ref=pagination&page=157","https://www.etsy.com/shop/GONdesignJEWELRY/reviews?ref=pagination&page=164","Seth on Jan 27, 2025","Item came in quickly and as expected!","Seth","Haynes Sisters White Christmas Movie Comfort Colors Shirt, Sisters Sisters Christmas Song Shirt, Christmas Gifts For Her","5 out of 5 stars","https://i.etsystatic.com/6399158737/r/il/748191/6399158737/il_340x270.6399158737_ot0u.jpg","https://www.etsy.com/listing/1810108895/haynes-sisters-white-christmas-movie?ref=shop_review"
"1781165805-110","https://www.etsy.com/shop/GONdesignJEWELRY/reviews?ref=pagination&page=157","https://www.etsy.com/shop/GONdesignJEWELRY/reviews?ref=pagination&page=164","Toto on Jan 27, 2025","yayyyyy. so happy to get my second one. order a 2xl for loose look, got an xl before and will gift that one.","Toto","Fourth Wing Dragon Comfort Colors Shirt,  Tairn & Andarna TShirt, Basgiath War College Tee, Dragon Rider Shirt, Bookish Gift for Readers","5 out of 5 stars","https://i.etsystatic.com/6617905583/r/il/110f98/6617905583/il_340x270.6617905583_1pgb.jpg","https://www.etsy.com/listing/1834444012/fourth-wing-dragon-comfort-colors-shirt?ref=shop_review"
"1781165805-111","https://www.etsy.com/shop/GONdesignJEWELRY/reviews?ref=pagination&page=157","https://www.etsy.com/shop/GONdesignJEWELRY/reviews?ref=pagination&page=164","Tanaeja on Jan 27, 2025","Love it, exactly as pictured!","Tanaeja","Fourth Wing Series Comfort Colors Shirt For Fans, War College T-Shirt, Dragon Rider Tee, Book Merch Gift","5 out of 5 stars","https://i.etsystatic.com/6347628124/r/il/f6ad5d/6347628124/il_340x270.6347628124_n2dw.jpg","https://www.etsy.com/listing/1809627695/fourth-wing-series-comfort-colors-shirt?ref=shop_review"
"1781165805-112","https://www.etsy.com/shop/GONdesignJEWELRY/reviews?ref=pagination&page=157","https://www.etsy.com/shop/GONdesignJEWELRY/reviews?ref=pagination&page=164","katie on Jan 27, 2025","Amazing!!!
The print is so pretty and it shipped to me really quickly. It was such a nice surprise when I opened my mailbox and BAM my shirt had arrived and it’s perfect! Thank you so much!","katie","Fourth Wing Dragon Comfort Colors Shirt,  Tairn & Andarna TShirt, Basgiath War College Tee, Dragon Rider Shirt, Bookish Gift for Readers","5 out of 5 stars","https://i.etsystatic.com/6617905583/r/il/110f98/6617905583/il_340x270.6617905583_1pgb.jpg",""
